ID,Kapitel,Kapitelrubrik,Titel,Tema,Spår,Komponentnivå,Svårighetsgrad,Byggtid,Kodnivå,Wow-faktor,Komponenter,Beroenden,Illustrationsbehov,Textstatus,Kodstatus,Breadboardtest,Illustrationsstatus,Teknisk granskning,Pedagogisk granskning,Layoutstatus,Slutstatus,Kommentar
E001,1,Kom igång med ESP32,Första blinket,Lampor och ljus,Huvudspår,Baslåda,Upptäckare,10–15 min,Nybörjare,★★★☆☆,"E01, B01, B02, R01, L01",-,Medel/Hög,Teknisk och 5B.6-språklig finjustering,Kodutkast,Ej testad,SVG-bildpaket justerat,Ej granskad,Intern 5B.6-granskning genomförd,PDF-preview stabiliserad,Guldstandard-kandidat,"v46: GPIO ändrad till 23, kopplingsväg konsekventgjord, språk putsat enligt 5B.6 Del C och separat illustrationsbrief skapad. Fysisk test kvarstår. v48: circuit.yaml, Wokwi-diagram, bildprompt/brief och första SVG-underlag skapade. v49: första kompletta SVG-bildpaket skapat, teknisk slutverifiering kvarstår. v50: kopplingsöversikt förenklad och förtydligad, förvirrande bilder arkiverade. v52: explicita bildreferenser i markdown och diskretare insiktsrader."
E002,1,Kom igång med ESP32,LED med egen rytm,Lampor och ljus,Huvudspår,Baslåda,Upptäckare,10–15 min,Nybörjare,★★★☆☆,"E01, B01, B02, R01, L01",E001,Medel/Hög,Reviderad enligt 5B.6,Kodutkast,Ej testad,SVG-bildpaket justerat,Ej granskad,Intern 5B.6-granskning genomförd,PDF-preview stabiliserad,Guldstandard-kandidat,"v47: E002 omskriven enligt stabiliserad 5B.6 och E001/v46-nivå. GPIO 23 används. Fysisk test, kodtest och testläsning kvarstår. v48: circuit.yaml, Wokwi-diagram, bildprompt/brief och första SVG-underlag skapade. v49: första kompletta SVG-bildpaket skapat, teknisk slutverifiering kvarstår. v50: kopplingsöversikt förenklad och förtydligad, förvirrande bilder arkiverade. v52: explicita bildreferenser i markdown och diskretare insiktsrader. v81: E006/Fyrtornet infogad som utmaning i E002. v82: fyrtornsutmaningen lätt putsad/kortad."
E003,1,Kom igång med ESP32,Två LED turas om,Lampor och ljus,Huvudspår,Baslåda,Upptäckare,15–20 min,Nybörjare,★★★☆☆,"E01, B01, B02, R01, L01",E001,Medel/Hög,Utkast,Utkast,Ej testad,Utkast,Ej granskad,Ej granskad,Ej påbörjad,Pågår,"v53 manus, kod, circuit.yaml, Wokwi och SVG-bilder skapade; fysisk test och granskning återstår v81: nästa experiment är E005 enligt ny kapitelordning."
E004,1,Kom igång med ESP32,Mini-trafikljus,Lampor och ljus,Huvudspår,Baslåda,Upptäckare,20–25 min,Nybörjare,★★★★☆,"E01, B01, B02, R01, L01",E003,Medel/Hög,Utkast,Utkast,Ej testad,Utkast,Ej granskad,Ej granskad,Ej påbörjad,Pågår,"v56 E004 finjusterad: gult=vänta, förenklad modell förtydligad, manus och E004-C synkade; fysisk test och granskning återstår v81: flyttad sist i Kapitel 1 som kapitelavslutande miniprojekt. v82: öppning och kapitelavslutning lätt språkputsade."
E005,1,Kom igång med ESP32,Polisljus,Lampor och ljus,Huvudspår,Baslåda,Upptäckare,15–20 min,Nybörjare,★★★★☆,"E01, B01, B02, R01, L01",E003,Medel/Hög,Utkast,Utkast,Ej testad,Utkast,Ej granskad,Ej granskad,Ej påbörjad,Pågår,v81: flyttad direkt efter E003 i kapitelordningen.
E006,1,Kom igång med ESP32,Fyrtornet (infogad i E002),Lampor och ljus,Infogad i E002,Baslåda,Upptäckare,15–20 min,Nybörjare,★★★☆☆,"E01, B01, B02, R01, L01",E002,Medel/Hög,Infogad i E002,Infogad i E002,Ej separat test,Infogad i E002,Ej separat granskning,Ej separat granskning,Ej separat layout,Infogad i E002,v81: E006 är inte längre ett eget experiment. Fyrtornsidén är infogad i E002 som utmaning; v80-material arkiverat.
E007,2,"LED, PWM och färg",LED-stafett,Lampor och ljus,Huvudspår,Baslåda,Uppfinnare,20–30 min,Nybörjare,★★★☆☆,"E01, B01, B02, R01, L01",E004,Medel/Hög,Utkast,Utkast,Ej testad,Utkast,Ej granskad,Ej granskad,Ej påbörjad,Pågår,"v86: E007-B kopplingsbild korrigerad så motståndsledarna når LED-lampornas korta ben. Kvar: fysisk test, kompilering, teknisk/pedagogisk granskning och PDF-layout."
E008,2,"LED, PWM och färg",Rinnande ljus,Lampor och ljus,Huvudspår,Baslåda,Uppfinnare,25–35 min,Nybörjare,★★★☆☆,"E01, B01, B02, R01, L01",E007,Medel/Hög,Utkast,Utkast,Ej testad,Utkast,Ej granskad,Ej granskad,Ej påbörjad,Pågår,"v94: avslutande övergång korrigerad så E008 pekar vidare mot E011/RGB. Kvar: fysisk test, kompilering, teknisk/pedagogisk granskning och PDF-layout."
E009,2,"LED, PWM och färg",Hemlig blinkkod,Lampor och ljus,Bonus/arkiv,Baslåda,Uppfinnare,25–35 min,Nybörjare,★★★☆☆,"E01, B01, B02, R01, L01",E008,Medel/Hög,Utkast,Utkast,Ej testad,Utkast,Ej granskad,Ej granskad,Ej påbörjad,Parkerad,v92: inte aktivt nästa steg. Ligger kvar som bonus-/arkivutkast efter progressionsgranskning.
E010,2,"LED, PWM och färg",Morse med LED,Lampor och ljus,Ej aktiv i Kapitel 2,Baslåda,Uppfinnare,30–40 min,Nybörjare,★★★☆☆,"E01, B01, B02, R01, L01",E009 (parkerad),Medel/Hög,Ej påbörjad,Ej påbörjad,Ej testad,Ej påbörjad,Ej granskad,Ej granskad,Ej påbörjad,Parkerad,v92: produceras inte i aktiv Kapitel 2-produktion. RGB-spåret prioriteras.
E011,2,"LED, PWM och färg",RGB: tre färger i en LED,Färger,Huvudspår,Baslåda,Upptäckare,20–25 min,Nybörjare,★★★☆☆,"E01, B01, B02, R01, L02",E008,Medel/Hög,Utkast,Utkast,Ej testad,Utkast,Ej granskad,Ej granskad,Ej påbörjad,Utkast,v92: första fullständiga utkastet skapat. Aktivt nästa steg i Kapitel 2 efter E008.
E012,2,"LED, PWM och färg",Färgblandaren,Färger,Huvudspår,Baslåda,Uppfinnare,25–35 min,Nybörjare,★★★☆☆,"E01, B01, B02, R01, L02",E011,Medel/Hög,Utkast,Utkast,Ej testad,Utkast,Ej granskad,Ej granskad,Ej påbörjad,Utkast,v96: lätt pedagogisk/bildmässig puts. setColor() introduceras tidigare; E012-D barnvänligare; analogWrite()/LEDC-beslut kvarstår för teknisk granskning.
E013,2,"LED, PWM och färg",Regnbågslampan,Färger,Huvudspår,Baslåda,Uppfinnare,30–40 min,Nybörjare,★★★★☆,"E01, B01, B02, R01, L02",E012,Medel/Hög,Utkast,Utkast,Ej testad,Utkast,Ej granskad,Ej granskad,Ej påbörjad,Utkast,"v98: lätt pedagogisk/bildmässig puts. Texten matchar stegvis färgsekvens bättre; E013-C/D bildputsade. Kvar: fysisk test, teknisk/pedagogisk granskning och PDF-layout."
E014,2,"LED, PWM och färg",Humörlampan,Färger,Huvudspår,Baslåda,Uppfinnare,25–35 min,Nybörjare,★★★★☆,"E01, B01, B02, R01, L02",E012,Medel/Hög,Utkast,Utkast,Ej testad,Utkast,Ej granskad,Ej granskad,Ej påbörjad,Utkast,"v100: lätt pedagogisk/bildmässig puts. Magi ersatt med favorit/favoritläge; E014-C/D bildputsade. Kvar: fysisk test, teknisk/pedagogisk granskning och PDF-layout."
E015,2,"LED, PWM och färg",Dimbar LED,Lampor och ljus,Huvudspår,Baslåda,Uppfinnare,20–30 min,Nybörjare,★★★☆☆,"E01, B01, B02, R01, L01",E001,Medel/Hög,Utkast,Utkast,Ej testad,Utkast,Ej granskad,Ej granskad,Ej påbörjad,Utkast,"v102: lätt pedagogisk/bildmässig puts. E015 tydligare som förenkling av E012; E015-D barnvänligare PWM-bild. Kvar: fysisk test, teknisk/pedagogisk granskning och PDF-layout."
E016,2,"LED, PWM och färg",Andande ljus,Lampor och ljus,Huvudspår,Baslåda,Uppfinnare,25–35 min,Nybörjare,★★★★☆,"E01, B01, B02, R01, L01",E015,Medel/Hög,Utkast,Utkast,Ej testad,Utkast,Ej granskad,Ej granskad,Ej påbörjad,Utkast,"v104: lätt pedagogisk/bildmässig puts. Andas-språk mildrat; E016-C/D bildputsade. Kvar: fysisk test, teknisk/pedagogisk granskning och PDF-layout."
E017,2,"LED, PWM och färg",Nattlampa första versionen,Smarta ljus,Huvudspår,Baslåda,Uppfinnare,30–40 min,Nybörjare,★★★☆☆,"E01, B01, B02, R01, L01, S01",E015,Medel/Hög,Ej påbörjad,Ej påbörjad,Ej testad,Ej påbörjad,Ej granskad,Ej granskad,Ej påbörjad,Planerad,
E018,2,"LED, PWM och färg",Ljusmätaren i Seriell monitor,Mäta ljus,Huvudspår,Baslåda,Uppfinnare,20–30 min,Nybörjare,★★★☆☆,"E01, B01, B02, R01, S01",E017,Medel/Hög,Ej påbörjad,Ej påbörjad,Ej testad,Ej påbörjad,Ej granskad,Ej granskad,Ej påbörjad,Planerad,
E019,3,Knappar och styrning,Ljusstyrd dimmer,Smarta ljus,Huvudspår,Baslåda,Ingenjör,30–45 min,Grund,★★★☆☆,"E01, B01, B02, R01, L01, S01","E015, E018",Medel/Hög,Ej påbörjad,Ej påbörjad,Ej testad,Ej påbörjad,Ej granskad,Ej granskad,Ej påbörjad,Planerad,
E020,3,Knappar och styrning,Soluppgångslampan,Smarta ljus,Huvudspår,Baslåda,Ingenjör,35–45 min,Grund,★★★☆☆,"E01, B01, B02, R01, L01",E016,Medel/Hög,Ej påbörjad,Ej påbörjad,Ej testad,Ej påbörjad,Ej granskad,Ej granskad,Ej påbörjad,Planerad,
E021,3,Knappar och styrning,Blink utan delay,Lampor och ljus,Huvudspår,Baslåda,Ingenjör,30–40 min,Grund,★★★☆☆,"E01, B01, B02, R01, L01",E002,Medel/Hög,Ej påbörjad,Ej påbörjad,Ej testad,Ej påbörjad,Ej granskad,Ej granskad,Ej påbörjad,Planerad,
E022,3,Knappar och styrning,Två saker samtidigt,Lampor och ljus,Huvudspår,Baslåda,Ingenjör,35–45 min,Grund,★★★☆☆,"E01, B01, B02, R01, L01",E021,Medel/Hög,Ej påbörjad,Ej påbörjad,Ej testad,Ej påbörjad,Ej granskad,Ej granskad,Ej påbörjad,Planerad,
E023,3,Knappar och styrning,Mini-ljusshow,Lampor och ljus,Huvudspår,Baslåda,Ingenjör,40–50 min,Grund,★★★★☆,"E01, B01, B02, R01, L01, L02","E008, E013",Medel/Hög,Ej påbörjad,Ej påbörjad,Ej testad,Ej påbörjad,Ej granskad,Ej granskad,Ej påbörjad,Planerad,
E024,3,Knappar och styrning,Statuslampan,Smarta ljus,Huvudspår,Baslåda,Ingenjör,30–40 min,Grund,★★★★☆,"E01, B01, B02, R01, L02",E014,Medel/Hög,Ej påbörjad,Ej påbörjad,Ej testad,Ej påbörjad,Ej granskad,Ej granskad,Ej påbörjad,Planerad,
E025,3,Knappar och styrning,Designa din egen ljusuppfinning,Eget projekt,Huvudspår,Baslåda,Mästare,45–60 min,Grund,★★★☆☆,"E01, B01, B02, R01, L01, L02, S01",E001–E024,Medel/Hög,Ej påbörjad,Ej påbörjad,Ej testad,Ej påbörjad,Ej granskad,Ej granskad,Ej påbörjad,Planerad,
E026,3,Knappar och styrning,Knappen tänder lampan,Knappar,Huvudspår,Baslåda,Upptäckare,15–25 min,Grund,★★★☆☆,"E01, B01, B02, R01, L01, K01",E001,Medel/Hög,Ej påbörjad,Ej påbörjad,Ej testad,Ej påbörjad,Ej granskad,Ej granskad,Ej påbörjad,Planerad,
E027,3,Knappar och styrning,Omvänd knapp med INPUT_PULLUP,Knappar,Huvudspår,Baslåda,Upptäckare,20–30 min,Grund,★★★☆☆,"E01, B01, B02, R01, L01, K01",E026,Medel/Hög,Ej påbörjad,Ej påbörjad,Ej testad,Ej påbörjad,Ej granskad,Ej granskad,Ej påbörjad,Planerad,
E028,3,Knappar och styrning,Tryckräknaren,Knappar,Huvudspår,Baslåda,Uppfinnare,25–35 min,Grund,★★★☆☆,"E01, B01, B02, K01",E027,Medel/Hög,Ej påbörjad,Ej påbörjad,Ej testad,Ej påbörjad,Ej granskad,Ej granskad,Ej påbörjad,Planerad,
E029,3,Knappar och styrning,Lampan minns,Knappar,Huvudspår,Baslåda,Uppfinnare,25–35 min,Grund,★★★☆☆,"E01, B01, B02, R01, L01, K01",E027,Medel/Hög,Ej påbörjad,Ej påbörjad,Ej testad,Ej påbörjad,Ej granskad,Ej granskad,Ej påbörjad,Planerad,
E030,3,Knappar och styrning,Tryck rätt färg,Knappar och färger,Huvudspår,Baslåda,Uppfinnare,30–40 min,Grund,★★★★☆,"E01, B01, B02, R01, L02, K01","E014, E026",Medel/Hög,Ej påbörjad,Ej påbörjad,Ej testad,Ej påbörjad,Ej granskad,Ej granskad,Ej påbörjad,Planerad,
E031,3,Knappar och styrning,Dubbelknappen,Knappar,Huvudspår,Baslåda,Uppfinnare,25–35 min,Grund,★★★☆☆,"E01, B01, B02, R01, L01, K01",E026,Medel/Hög,Ej påbörjad,Ej påbörjad,Ej testad,Ej påbörjad,Ej granskad,Ej granskad,Ej påbörjad,Planerad,
E032,3,Knappar och styrning,Mini-kodlåset,Knappar och spel,Huvudspår,Baslåda,Ingenjör,40–55 min,Grund,★★★★☆,"E01, B01, B02, R01, L01, L02, K01","E028, E031",Medel/Hög,Ej påbörjad,Ej påbörjad,Ej testad,Ej påbörjad,Ej granskad,Ej granskad,Ej påbörjad,Planerad,
E033,4,"Ljud, spel och reaktion",Passiv buzzer första tonen,Ljud,Huvudspår,Baslåda,Upptäckare,15–20 min,Grund,★★★☆☆,"E01, B01, B02, A01",E001,Medel/Hög,Ej påbörjad,Ej påbörjad,Ej testad,Ej påbörjad,Ej granskad,Ej granskad,Ej påbörjad,Planerad,
E034,4,"Ljud, spel och reaktion",Sirenen,Ljud,Huvudspår,Baslåda,Uppfinnare,20–30 min,Grund,★★★☆☆,"E01, B01, B02, A01, L01, R01",E033,Medel/Hög,Ej påbörjad,Ej påbörjad,Ej testad,Ej påbörjad,Ej granskad,Ej granskad,Ej påbörjad,Planerad,
E035,4,"Ljud, spel och reaktion",Morse med ljud,Ljud,Huvudspår,Baslåda,Uppfinnare,30–40 min,Grund,★★★☆☆,"E01, B01, B02, A01, K01","E010, E033",Medel/Hög,Ej påbörjad,Ej påbörjad,Ej testad,Ej påbörjad,Ej granskad,Ej granskad,Ej påbörjad,Planerad,
E036,4,"Ljud, spel och reaktion",Mini-pianot med knappar,Ljud och musik,Huvudspår,Baslåda,Uppfinnare,35–45 min,Grund,★★★☆☆,"E01, B01, B02, A01, K01","E031, E033",Medel/Hög,Ej påbörjad,Ej påbörjad,Ej testad,Ej påbörjad,Ej granskad,Ej granskad,Ej påbörjad,Planerad,
E037,4,"Ljud, spel och reaktion",Melodimaskinen,Ljud och musik,Huvudspår,Baslåda,Uppfinnare,30–45 min,Grund,★★★★☆,"E01, B01, B02, A01",E033,Medel/Hög,Ej påbörjad,Ej påbörjad,Ej testad,Ej påbörjad,Ej granskad,Ej granskad,Ej påbörjad,Planerad,
E038,4,"Ljud, spel och reaktion",Knappstyrd jukebox,Ljud och musik,Huvudspår,Baslåda,Ingenjör,40–55 min,Grund,★★★★☆,"E01, B01, B02, A01, K01, L02, R01","E029, E037",Medel/Hög,Ej påbörjad,Ej påbörjad,Ej testad,Ej påbörjad,Ej granskad,Ej granskad,Ej påbörjad,Planerad,
E039,4,"Ljud, spel och reaktion",Elektronisk tärning med LED,Spel,Huvudspår,Baslåda,Uppfinnare,35–45 min,Grund,★★★★☆,"E01, B01, B02, R01, L01, K01","E028, E007",Medel/Hög,Ej påbörjad,Ej påbörjad,Ej testad,Ej påbörjad,Ej granskad,Ej granskad,Ej påbörjad,Planerad,
E040,4,"Ljud, spel och reaktion",Tärning i Seriell monitor,Spel,Huvudspår,Baslåda,Upptäckare,20–30 min,Grund,★★★☆☆,"E01, B01, B02, K01",E028,Medel/Hög,Ej påbörjad,Ej påbörjad,Ej testad,Ej påbörjad,Ej granskad,Ej granskad,Ej påbörjad,Planerad,
E041,4,"Ljud, spel och reaktion",Reaktionsspelet v1,Spel,Huvudspår,Baslåda,Ingenjör,40–55 min,Grund,★★★★☆,"E01, B01, B02, R01, L01, K01","E021, E028",Medel/Hög,Ej påbörjad,Ej påbörjad,Ej testad,Ej påbörjad,Ej granskad,Ej granskad,Ej påbörjad,Planerad,
E042,4,"Ljud, spel och reaktion",Reaktionsspelet med ljud,Spel,Huvudspår,Baslåda,Ingenjör,45–60 min,Grund,★★★★☆,"E01, B01, B02, R01, L01, K01, A01","E041, E033",Medel/Hög,Ej påbörjad,Ej påbörjad,Ej testad,Ej påbörjad,Ej granskad,Ej granskad,Ej påbörjad,Planerad,
E043,4,"Ljud, spel och reaktion",Snabbast av två,Spel,Huvudspår,Baslåda,Ingenjör,45–60 min,Grund,★★★☆☆,"E01, B01, B02, R01, L01, K01, A01",E042,Medel/Hög,Ej påbörjad,Ej påbörjad,Ej testad,Ej påbörjad,Ej granskad,Ej granskad,Ej påbörjad,Planerad,
E044,4,"Ljud, spel och reaktion",Simon Says v1,Spel,Huvudspår,Baslåda,Ingenjör,50–70 min,Grund,★★★★★,"E01, B01, B02, R01, L01, K01, A01","E036, E039",Medel/Hög,Ej påbörjad,Ej påbörjad,Ej testad,Ej påbörjad,Ej granskad,Ej granskad,Ej påbörjad,Planerad,
E045,4,"Ljud, spel och reaktion",Gissa ljusmönstret,Spel,Huvudspår,Baslåda,Uppfinnare,35–45 min,Grund,★★★☆☆,"E01, B01, B02, R01, L01, K01","E008, E039",Medel/Hög,Ej påbörjad,Ej påbörjad,Ej testad,Ej påbörjad,Ej granskad,Ej granskad,Ej påbörjad,Planerad,
E046,4,"Ljud, spel och reaktion",Nedräknaren,Tid och spel,Huvudspår,Baslåda,Uppfinnare,25–35 min,Grund,★★★☆☆,"E01, B01, B02, R01, L01, A01",E034,Medel/Hög,Ej påbörjad,Ej påbörjad,Ej testad,Ej påbörjad,Ej granskad,Ej granskad,Ej påbörjad,Planerad,
E047,4,"Ljud, spel och reaktion",Bomben tickar,Tid och spel,Bonus,Baslåda,Ingenjör,45–60 min,Grund,★★★★☆,"E01, B01, B02, R01, L01, K01, A01","E021, E046",Medel/Hög,Ej påbörjad,Ej påbörjad,Ej testad,Ej påbörjad,Ej granskad,Ej granskad,Ej påbörjad,Planerad,
E048,4,"Ljud, spel och reaktion",Poänglampan,Spel,Bonus,Baslåda,Uppfinnare,30–40 min,Grund,★★★☆☆,"E01, B01, B02, R01, L01, K01",E028,Medel/Hög,Ej påbörjad,Ej påbörjad,Ej testad,Ej påbörjad,Ej granskad,Ej granskad,Ej påbörjad,Planerad,
E049,4,"Ljud, spel och reaktion",Spelkontroll för framtida projekt,Knappar,Bonus,Baslåda,Ingenjör,35–45 min,Grund,★★★☆☆,"E01, B01, B02, K01",E031,Medel/Hög,Ej påbörjad,Ej påbörjad,Ej testad,Ej påbörjad,Ej granskad,Ej granskad,Ej påbörjad,Planerad,
E050,4,"Ljud, spel och reaktion",Designa ditt eget knapp- och ljudspel,Eget projekt,Bonus,Baslåda,Mästare,60–90 min,Grund,★★★☆☆,"E01, B01, B02, R01, L01, L02, K01, A01",E026–E049,Medel/Hög,Ej påbörjad,Ej påbörjad,Ej testad,Ej påbörjad,Ej granskad,Ej granskad,Ej påbörjad,Planerad,
E051,5,"Ljus, avstånd och de första mätinstrumenten",Ljusdetektiven,Mäta ljus,Huvudspår,Baslåda,Upptäckare,20–30 min,Mellan,★★★☆☆,"E01, B01, B02, R01, S01",E018,Medel/Hög,Ej påbörjad,Ej påbörjad,Ej testad,Ej påbörjad,Ej granskad,Ej granskad,Ej påbörjad,Planerad,
E052,5,"Ljus, avstånd och de första mätinstrumenten",Skuggjakten,Mäta ljus,Huvudspår,Baslåda,Uppfinnare,25–35 min,Mellan,★★★☆☆,"E01, B01, B02, R01, L01, S01","E017, E051",Medel/Hög,Ej påbörjad,Ej påbörjad,Ej testad,Ej påbörjad,Ej granskad,Ej granskad,Ej påbörjad,Planerad,
E053,5,"Ljus, avstånd och de första mätinstrumenten",Ljusbarometern,Mäta ljus,Huvudspår,Baslåda,Ingenjör,35–45 min,Mellan,★★★☆☆,"E01, B01, B02, R01, L01, S01",E051,Medel/Hög,Ej påbörjad,Ej påbörjad,Ej testad,Ej påbörjad,Ej granskad,Ej granskad,Ej påbörjad,Planerad,
E054,5,"Ljus, avstånd och de första mätinstrumenten",Avstånd i Seriell monitor,Avstånd,Huvudspår,Baslåda,Upptäckare,25–35 min,Mellan,★★★☆☆,"E01, B01, B02, S02",E021,Medel/Hög,Ej påbörjad,Ej påbörjad,Ej testad,Ej påbörjad,Ej granskad,Ej granskad,Ej påbörjad,Planerad,
E055,5,"Ljus, avstånd och de första mätinstrumenten",Parkeringssensorn v1,Avstånd,Huvudspår,Baslåda,Uppfinnare,35–50 min,Mellan,★★★★☆,"E01, B01, B02, R01, L01, A01, S02","E034, E054",Medel/Hög,Ej påbörjad,Ej påbörjad,Ej testad,Ej påbörjad,Ej granskad,Ej granskad,Ej påbörjad,Planerad,
E056,5,"Ljus, avstånd och de första mätinstrumenten",Avståndslampan,Avstånd,Huvudspår,Baslåda,Uppfinnare,30–45 min,Mellan,★★★★☆,"E01, B01, B02, R01, L02, S02","E024, E054",Medel/Hög,Ej påbörjad,Ej påbörjad,Ej testad,Ej påbörjad,Ej granskad,Ej granskad,Ej påbörjad,Planerad,
E057,5,"Ljus, avstånd och de första mätinstrumenten",Osynliga måttbandet,Avstånd,Bonus,Baslåda,Ingenjör,35–45 min,Mellan,★★★☆☆,"E01, B01, B02, S02",E054,Medel/Hög,Ej påbörjad,Ej påbörjad,Ej testad,Ej påbörjad,Ej granskad,Ej granskad,Ej påbörjad,Planerad,
E058,6,"Larm, rörelse och närvaro",Dörrvakten,Magnet och larm,Huvudspår,Baslåda,Uppfinnare,30–45 min,Mellan,★★★☆☆,"E01, B01, B02, R01, L01, A01, S04",E035,Medel,Ej påbörjad,Ej påbörjad,Ej testad,Ej påbörjad,Ej granskad,Ej granskad,Ej påbörjad,Planerad,
E059,6,"Larm, rörelse och närvaro",Hemlig skattlåda – sensorversion,Magnet och larm,Huvudspår,Baslåda,Ingenjör,40–55 min,Mellan,★★★☆☆,"E01, B01, B02, R01, L02, A01, S04","E032, E058",Medel,Ej påbörjad,Ej påbörjad,Ej testad,Ej påbörjad,Ej granskad,Ej granskad,Ej påbörjad,Planerad,
E060,6,"Larm, rörelse och närvaro",Skaklarmet,Lutning och rörelse,Huvudspår,Baslåda,Uppfinnare,30–45 min,Mellan,★★★☆☆,"E01, B01, B02, R01, L01, A01, S03",E047,Medel,Ej påbörjad,Ej påbörjad,Ej testad,Ej påbörjad,Ej granskad,Ej granskad,Ej påbörjad,Planerad,
E061,6,"Larm, rörelse och närvaro",Lutningsspelet,Lutning och spel,Huvudspår,Baslåda,Ingenjör,40–55 min,Mellan,★★★☆☆,"E01, B01, B02, R01, L01, S03",E060,Medel,Ej påbörjad,Ej påbörjad,Ej testad,Ej påbörjad,Ej granskad,Ej granskad,Ej påbörjad,Planerad,
E062,6,"Larm, rörelse och närvaro",Temperatur i rummet,Temperatur,Huvudspår,Pluslåda,Upptäckare,25–35 min,Mellan,★★★☆☆,"E01, B01, B02, S05",E051,Medel,Ej påbörjad,Ej påbörjad,Ej testad,Ej påbörjad,Ej granskad,Ej granskad,Ej påbörjad,Planerad,
E063,6,"Larm, rörelse och närvaro",Väderstation första versionen,Temperatur,Huvudspår,Pluslåda,Uppfinnare,40–55 min,Mellan,★★★★☆,"E01, B01, B02, S05, D01",E062,Medel,Ej påbörjad,Ej påbörjad,Ej testad,Ej påbörjad,Ej granskad,Ej granskad,Ej påbörjad,Planerad,
E064,6,"Larm, rörelse och närvaro",Varmt eller kallt?,Temperatur,Huvudspår,Pluslåda,Uppfinnare,35–45 min,Mellan,★★★☆☆,"E01, B01, B02, R01, L02, S05","E024, E062",Medel,Ej påbörjad,Ej påbörjad,Ej testad,Ej påbörjad,Ej granskad,Ej granskad,Ej påbörjad,Planerad,
E065,6,"Larm, rörelse och närvaro",Temperaturjämförelsen,Temperatur,Huvudspår,Pluslåda,Ingenjör,45–60 min,Mellan,★★★☆☆,"E01, B01, B02, S05, S06",E062,Medel,Ej påbörjad,Ej påbörjad,Ej testad,Ej påbörjad,Ej granskad,Ej granskad,Ej påbörjad,Planerad,
E066,6,"Larm, rörelse och närvaro",Vattentemperatur-testet,Temperatur,Bonus,Pluslåda,Ingenjör,40–55 min,Mellan,★★★☆☆,"E01, B01, B02, R01, S06",E065,Medel,Ej påbörjad,Ej påbörjad,Ej testad,Ej påbörjad,Ej granskad,Ej granskad,Ej påbörjad,Planerad,
E067,6,"Larm, rörelse och närvaro",Rörelsevakten,Rörelsesensor,Huvudspår,Pluslåda,Uppfinnare,35–50 min,Mellan,★★★★☆,"E01, B01, B02, R01, L01, A01, S07",E058,Medel,Ej påbörjad,Ej påbörjad,Ej testad,Ej påbörjad,Ej granskad,Ej granskad,Ej påbörjad,Planerad,
E068,6,"Larm, rörelse och närvaro",Spökhuset,Rörelsesensor,Huvudspår,Pluslåda,Ingenjör,45–60 min,Mellan,★★★★★,"E01, B01, B02, R01, L02, A01, S07","E067, E034",Medel,Ej påbörjad,Ej påbörjad,Ej testad,Ej påbörjad,Ej granskad,Ej granskad,Ej påbörjad,Planerad,
E069,7,"Temperatur, miljö och levande mätningar",Smart blomkruka v1,Jordfukt,Huvudspår,Pluslåda,Uppfinnare,35–50 min,Mellan,★★★☆☆,"E01, B01, B02, R01, L01, S08",E051,Medel,Ej påbörjad,Ej påbörjad,Ej testad,Ej påbörjad,Ej granskad,Ej granskad,Ej påbörjad,Planerad,
E070,7,"Temperatur, miljö och levande mätningar",Växtvakten med statusfärg,Jordfukt,Huvudspår,Pluslåda,Ingenjör,40–55 min,Mellan,★★★★☆,"E01, B01, B02, R01, L02, S08","E069, E024",Medel,Ej påbörjad,Ej påbörjad,Ej testad,Ej påbörjad,Ej granskad,Ej granskad,Ej påbörjad,Planerad,
E071,7,"Temperatur, miljö och levande mätningar",Ljudnivå i Seriell monitor,Ljudsensor,Huvudspår,Pluslåda,Upptäckare,25–35 min,Mellan,★★★☆☆,"E01, B01, B02, S09",E051,Medel,Ej påbörjad,Ej påbörjad,Ej testad,Ej påbörjad,Ej granskad,Ej granskad,Ej påbörjad,Planerad,
E072,7,"Temperatur, miljö och levande mätningar",Klappströmbrytaren,Ljudsensor,Huvudspår,Pluslåda,Ingenjör,40–55 min,Mellan,★★★☆☆,"E01, B01, B02, R01, L01, S09","E029, E071",Medel,Ej påbörjad,Ej påbörjad,Ej testad,Ej påbörjad,Ej granskad,Ej granskad,Ej påbörjad,Planerad,
E073,7,"Temperatur, miljö och levande mätningar",Ljusorgel första versionen,Ljudsensor,Bonus,Pluslåda,Ingenjör,45–60 min,Mellan,★★★★☆,"E01, B01, B02, R01, L01, L02, S09","E071, E023",Medel,Ej påbörjad,Ej påbörjad,Ej testad,Ej påbörjad,Ej granskad,Ej granskad,Ej påbörjad,Planerad,
E074,7,"Temperatur, miljö och levande mätningar",Sensorlaboratoriet,Mätning,Huvudspår,Pluslåda,Mästare,60–90 min,Mellan,★★★☆☆,"E01, B01, B02, R01, L01, L02, S01, S02, S05",E051–E073,Medel,Ej påbörjad,Ej påbörjad,Ej testad,Ej påbörjad,Ej granskad,Ej granskad,Ej påbörjad,Planerad,
E075,7,"Temperatur, miljö och levande mätningar",Designa ett eget sensorlarm,Eget projekt,Bonus,Pluslåda,Mästare,60–90 min,Mellan,★★★☆☆,"E01, B01, B02, R01, L01, L02, A01, S01, S02, S03, S04, S07",E051–E074,Medel,Ej påbörjad,Ej påbörjad,Ej testad,Ej påbörjad,Ej granskad,Ej granskad,Ej påbörjad,Planerad,
E076,8,OLED och användargränssnitt,OLED säger hej,Display,Huvudspår,Baslåda,Upptäckare,25–35 min,Mellan+,★★★☆☆,"E01, B01, B02, D01",E001,Medel/Hög,Ej påbörjad,Ej påbörjad,Ej testad,Ej påbörjad,Ej granskad,Ej granskad,Ej påbörjad,Planerad,
E077,8,OLED och användargränssnitt,OLED visar mätvärden,Display,Huvudspår,Baslåda,Uppfinnare,30–45 min,Mellan+,★★★☆☆,"E01, B01, B02, D01, S01","E051, E076",Medel/Hög,Ej påbörjad,Ej påbörjad,Ej testad,Ej påbörjad,Ej granskad,Ej granskad,Ej påbörjad,Planerad,
E078,8,OLED och användargränssnitt,OLED-menyn,Display,Huvudspår,Baslåda,Ingenjör,45–60 min,Mellan+,★★★☆☆,"E01, B01, B02, D01, K01","E029, E076",Medel/Hög,Ej påbörjad,Ej påbörjad,Ej testad,Ej påbörjad,Ej granskad,Ej granskad,Ej påbörjad,Planerad,
E079,8,OLED och användargränssnitt,Mini-instrumentpanelen,Display och mätning,Huvudspår,Pluslåda,Ingenjör,60–75 min,Mellan+,★★★★☆,"E01, B01, B02, D01, S01, S05, S02","E063, E077",Medel/Hög,Ej påbörjad,Ej påbörjad,Ej testad,Ej påbörjad,Ej granskad,Ej granskad,Ej påbörjad,Planerad,
E080,8,OLED och användargränssnitt,OLED-reaktionsspelet,Display och spel,Huvudspår,Baslåda,Ingenjör,50–70 min,Mellan+,★★★★☆,"E01, B01, B02, D01, K01, R01, L01","E041, E076",Medel/Hög,Ej påbörjad,Ej påbörjad,Ej testad,Ej påbörjad,Ej granskad,Ej granskad,Ej påbörjad,Planerad,
E081,9,NeoPixel och LED-matris,Pixel-smileyn,LED-matris,Huvudspår,Pluslåda,Upptäckare,30–40 min,Mellan+,★★★☆☆,"E01, B01, B02, D02",E076,Medel,Ej påbörjad,Ej påbörjad,Ej testad,Ej påbörjad,Ej granskad,Ej granskad,Ej påbörjad,Planerad,
E082,9,NeoPixel och LED-matris,Matris-animationen,LED-matris,Huvudspår,Pluslåda,Uppfinnare,40–55 min,Mellan+,★★★☆☆,"E01, B01, B02, D02",E081,Medel,Ej påbörjad,Ej påbörjad,Ej testad,Ej påbörjad,Ej granskad,Ej granskad,Ej påbörjad,Planerad,
E083,9,NeoPixel och LED-matris,Mini-Snake-idé,LED-matris och spel,Bonus,Pluslåda,Ingenjör,60–90 min,Mellan+,★★★☆☆,"E01, B01, B02, D02, K01","E049, E082",Medel,Ej påbörjad,Ej påbörjad,Ej testad,Ej påbörjad,Ej granskad,Ej granskad,Ej påbörjad,Planerad,
E084,9,NeoPixel och LED-matris,NeoPixel första regnbågen,NeoPixel,Huvudspår,Pluslåda,Upptäckare,30–45 min,Mellan+,★★★★☆,"E01, B01, B02, L03",E013,Medel,Ej påbörjad,Ej påbörjad,Ej testad,Ej påbörjad,Ej granskad,Ej granskad,Ej påbörjad,Planerad,
E085,9,NeoPixel och LED-matris,NeoPixel-timer,NeoPixel,Huvudspår,Pluslåda,Uppfinnare,45–60 min,Mellan+,★★★★☆,"E01, B01, B02, L03, K01","E047, E084",Medel,Ej påbörjad,Ej påbörjad,Ej testad,Ej påbörjad,Ej granskad,Ej granskad,Ej påbörjad,Planerad,
E086,9,NeoPixel och LED-matris,Reaktionsring,NeoPixel och spel,Bonus,Pluslåda,Ingenjör,60–75 min,Mellan+,★★★★★,"E01, B01, B02, L03, K01, A01","E041, E084",Medel,Ej påbörjad,Ej påbörjad,Ej testad,Ej påbörjad,Ej granskad,Ej granskad,Ej påbörjad,Planerad,
E087,10,Servo och smarta prylar,Servo första rörelsen,Servo,Huvudspår,Pluslåda,Upptäckare,25–35 min,Mellan+,★★★☆☆,"E01, B01, B02, M01",E015,Medel/Hög,Ej påbörjad,Ej påbörjad,Ej testad,Ej påbörjad,Ej granskad,Ej granskad,Ej påbörjad,Planerad,
E088,10,Servo och smarta prylar,Vredstyrd servo,Servo,Huvudspår,Pluslåda,Uppfinnare,35–50 min,Mellan+,★★★☆☆,"E01, B01, B02, K02, M01",E087,Medel/Hög,Ej påbörjad,Ej påbörjad,Ej testad,Ej påbörjad,Ej granskad,Ej granskad,Ej påbörjad,Planerad,
E089,10,Servo och smarta prylar,Avståndsstyrd visare,Servo och sensor,Huvudspår,Pluslåda,Ingenjör,45–60 min,Mellan+,★★★★☆,"E01, B01, B02, S02, M01","E056, E087",Medel/Hög,Ej påbörjad,Ej påbörjad,Ej testad,Ej påbörjad,Ej granskad,Ej granskad,Ej påbörjad,Planerad,
E090,10,Servo och smarta prylar,Skattkistan öppnas,Servo och uppdrag,Huvudspår,Pluslåda,Ingenjör,60–75 min,Mellan+,★★★★★,"E01, B01, B02, K01, M01, L02, A01","E032, E087",Medel/Hög,Ej påbörjad,Ej påbörjad,Ej testad,Ej påbörjad,Ej granskad,Ej granskad,Ej påbörjad,Planerad,
E091,10,Servo och smarta prylar,Temperaturvisaren,Servo och mätning,Huvudspår,Pluslåda,Ingenjör,45–60 min,Mellan+,★★★☆☆,"E01, B01, B02, S05, M01","E063, E087",Medel/Hög,Ej påbörjad,Ej påbörjad,Ej testad,Ej påbörjad,Ej granskad,Ej granskad,Ej påbörjad,Planerad,
E092,10,Servo och smarta prylar,Automatisk dörrvakt,Smart uppfinning,Huvudspår,Pluslåda,Ingenjör,60–75 min,Mellan+,★★★★☆,"E01, B01, B02, S07, M01, L02","E067, E087",Medel/Hög,Ej påbörjad,Ej påbörjad,Ej testad,Ej påbörjad,Ej granskad,Ej granskad,Ej påbörjad,Planerad,
E093,10,Servo och smarta prylar,Smart nattlampa deluxe,Smart uppfinning,Huvudspår,Pluslåda,Ingenjör,60–75 min,Mellan+,★★★★☆,"E01, B01, B02, R01, S01, L03, D01","E017, E076, E084",Medel/Hög,Ej påbörjad,Ej påbörjad,Ej testad,Ej påbörjad,Ej granskad,Ej granskad,Ej påbörjad,Planerad,
E094,10,Servo och smarta prylar,Växtvakt med display,Smart uppfinning,Huvudspår,Pluslåda,Ingenjör,50–70 min,Mellan+,★★★★☆,"E01, B01, B02, S08, D01, L02","E070, E076",Medel/Hög,Ej påbörjad,Ej påbörjad,Ej testad,Ej påbörjad,Ej granskad,Ej granskad,Ej påbörjad,Planerad,
E095,10,Servo och smarta prylar,Rumsklimatets humör,Smart uppfinning,Bonus,Pluslåda,Ingenjör,60–75 min,Mellan+,★★★☆☆,"E01, B01, B02, S05, D01, L03","E063, E084",Medel/Hög,Ej påbörjad,Ej påbörjad,Ej testad,Ej påbörjad,Ej granskad,Ej granskad,Ej påbörjad,Planerad,
E096,10,Servo och smarta prylar,Interaktiv larmcentral,Smart uppfinning,Huvudspår,Pluslåda,Mästare,75–90 min,Mellan+,★★★★☆,"E01, B01, B02, S04, S07, D01, L02, A01","E058, E067, E078",Medel/Hög,Ej påbörjad,Ej påbörjad,Ej testad,Ej påbörjad,Ej granskad,Ej granskad,Ej påbörjad,Planerad,
E097,10,Servo och smarta prylar,Mini-kontrollpanel,Smart uppfinning,Bonus,Pluslåda,Mästare,60–80 min,Mellan+,★★★☆☆,"E01, B01, B02, K01, K02, D01, L02","E078, E088",Medel/Hög,Ej påbörjad,Ej påbörjad,Ej testad,Ej påbörjad,Ej granskad,Ej granskad,Ej påbörjad,Planerad,
E098,10,Servo och smarta prylar,Touch-pianot,Touch och ljud,Bonus,Pluslåda,Ingenjör,50–70 min,Mellan+,★★★☆☆,"E01, B01, B02, K03, A01, L03","E036, E084",Medel/Hög,Ej påbörjad,Ej påbörjad,Ej testad,Ej påbörjad,Ej granskad,Ej granskad,Ej påbörjad,Planerad,
E099,10,Servo och smarta prylar,Touch-kodlåset,Touch och uppdrag,Bonus,Pluslåda,Mästare,70–90 min,Mellan+,★★★☆☆,"E01, B01, B02, K03, M01, L02, A01","E032, E090, E098",Medel/Hög,Ej påbörjad,Ej påbörjad,Ej testad,Ej påbörjad,Ej granskad,Ej granskad,Ej påbörjad,Planerad,
E100,10,Servo och smarta prylar,Designa en smart uppfinning,Eget projekt,Bonus,Pluslåda,Mästare,90–120 min,Mellan+,★★★★☆,"E01, B01, B02, D01, L02, L03, M01, S01, S02, S05, S07, S08, A01, K01, K02",E076–E099,Medel/Hög,Ej påbörjad,Ej påbörjad,Ej testad,Ej påbörjad,Ej granskad,Ej granskad,Ej påbörjad,Planerad,
E101,11,Motorer och robotik,DC-motor första snurret,Motorer,Huvudspår,Makerlåda,Upptäckare,30–45 min,Avancerad,★★★☆☆,"E01, B01, B02, M03, M04",E087,Medel/Hög,Ej påbörjad,Ej påbörjad,Ej testad,Ej påbörjad,Ej granskad,Ej granskad,Ej påbörjad,Planerad,
E102,11,Motorer och robotik,Motor åt båda hållen,Motorer,Huvudspår,Makerlåda,Uppfinnare,40–55 min,Avancerad,★★★☆☆,"E01, B01, B02, M03, M04, K01",E101,Medel/Hög,Ej påbörjad,Ej påbörjad,Ej testad,Ej påbörjad,Ej granskad,Ej granskad,Ej påbörjad,Planerad,
E103,11,Motorer och robotik,Fartkontroll med PWM,Motorer,Huvudspår,Makerlåda,Ingenjör,45–60 min,Avancerad,★★★☆☆,"E01, B01, B02, M03, M04, K02","E101, E088",Medel/Hög,Ej påbörjad,Ej påbörjad,Ej testad,Ej påbörjad,Ej granskad,Ej granskad,Ej påbörjad,Planerad,
E104,11,Motorer och robotik,Mini-fläkten,Motorer och uppfinning,Huvudspår,Makerlåda,Uppfinnare,45–60 min,Avancerad,★★★★☆,"E01, B01, B02, M03, M04, S05","E062, E101",Medel/Hög,Ej påbörjad,Ej påbörjad,Ej testad,Ej påbörjad,Ej granskad,Ej granskad,Ej påbörjad,Planerad,
E105,11,Motorer och robotik,Robotbas första versionen,Robotik,Huvudspår,Makerlåda,Ingenjör,60–90 min,Avancerad,★★★☆☆,"E01, B01, B02, M03, M04",E102,Medel/Hög,Ej påbörjad,Ej påbörjad,Ej testad,Ej påbörjad,Ej granskad,Ej granskad,Ej påbörjad,Planerad,
E106,11,Motorer och robotik,Robot som undviker hinder,Robotik,Huvudspår,Makerlåda,Mästare,90–120 min,Avancerad,★★★★★,"E01, B01, B02, S02, M03, M04","E055, E105",Medel/Hög,Ej påbörjad,Ej påbörjad,Ej testad,Ej påbörjad,Ej granskad,Ej granskad,Ej påbörjad,Planerad,
E107,11,Motorer och robotik,Stegmotor första stegen,Stegmotor,Bonus,Makerlåda,Uppfinnare,40–55 min,Avancerad,★★★☆☆,"E01, B01, B02, M02",E087,Medel/Hög,Ej påbörjad,Ej påbörjad,Ej testad,Ej påbörjad,Ej granskad,Ej granskad,Ej påbörjad,Planerad,
E108,11,Motorer och robotik,Mini-karusellen,Stegmotor,Bonus,Makerlåda,Ingenjör,60–75 min,Avancerad,★★★★☆,"E01, B01, B02, M02, K01, L02",E107,Medel/Hög,Ej påbörjad,Ej påbörjad,Ej testad,Ej påbörjad,Ej granskad,Ej granskad,Ej påbörjad,Planerad,
E109,12,"RFID, IR och identifiering",RFID första läsningen,RFID,Huvudspår,Makerlåda,Upptäckare,35–50 min,Avancerad,★★★☆☆,"E01, B01, B02, C01",E076,Medel/Hög,Ej påbörjad,Ej påbörjad,Ej testad,Ej påbörjad,Ej granskad,Ej granskad,Ej påbörjad,Planerad,
E110,12,"RFID, IR och identifiering",RFID-passersystem,RFID,Huvudspår,Makerlåda,Ingenjör,60–75 min,Avancerad,★★★★☆,"E01, B01, B02, C01, L02, A01","E032, E109",Medel/Hög,Ej påbörjad,Ej påbörjad,Ej testad,Ej påbörjad,Ej granskad,Ej granskad,Ej påbörjad,Planerad,
E111,12,"RFID, IR och identifiering",RFID-skattkista,RFID och servo,Bonus,Makerlåda,Mästare,75–100 min,Avancerad,★★★★★,"E01, B01, B02, C01, M01, L02, A01","E090, E110",Medel/Hög,Ej påbörjad,Ej påbörjad,Ej testad,Ej påbörjad,Ej granskad,Ej granskad,Ej påbörjad,Planerad,
E112,12,"RFID, IR och identifiering",IR-fjärrens hemliga koder,IR,Huvudspår,Makerlåda,Upptäckare,30–45 min,Avancerad,★★★☆☆,"E01, B01, B02, C02",E028,Medel/Hög,Ej påbörjad,Ej påbörjad,Ej testad,Ej påbörjad,Ej granskad,Ej granskad,Ej påbörjad,Planerad,
E113,12,"RFID, IR och identifiering",Fjärrstyrd lampa,IR,Huvudspår,Makerlåda,Uppfinnare,45–60 min,Avancerad,★★★★☆,"E01, B01, B02, C02, R01, L02","E024, E112",Medel/Hög,Ej påbörjad,Ej påbörjad,Ej testad,Ej påbörjad,Ej granskad,Ej granskad,Ej påbörjad,Planerad,
E114,12,"RFID, IR och identifiering",Fjärrstyrd servo,IR och servo,Bonus,Makerlåda,Ingenjör,50–70 min,Avancerad,★★★★☆,"E01, B01, B02, C02, M01","E087, E112",Medel/Hög,Ej påbörjad,Ej påbörjad,Ej testad,Ej påbörjad,Ej granskad,Ej granskad,Ej påbörjad,Planerad,
E115,13,"Tid, loggning och WiFi",Klockan vaknar,Tid,Huvudspår,Makerlåda,Uppfinnare,45–60 min,Avancerad,★★★☆☆,"E01, B01, B02, D03, D01",E076,Medel/Hög,Ej påbörjad,Ej påbörjad,Ej testad,Ej påbörjad,Ej granskad,Ej granskad,Ej påbörjad,Planerad,
E116,13,"Tid, loggning och WiFi",Tidsstyrd påminnare,Tid och smart pryl,Huvudspår,Makerlåda,Ingenjör,60–75 min,Avancerad,★★★★☆,"E01, B01, B02, D03, D01, L02, A01",E115,Medel/Hög,Ej påbörjad,Ej påbörjad,Ej testad,Ej påbörjad,Ej granskad,Ej granskad,Ej påbörjad,Planerad,
E117,13,"Tid, loggning och WiFi",SD-kort första loggen,Dataloggning,Huvudspår,Makerlåda,Ingenjör,60–80 min,Avancerad,★★★☆☆,"E01, B01, B02, D04, S05",E062,Medel/Hög,Ej påbörjad,Ej påbörjad,Ej testad,Ej påbörjad,Ej granskad,Ej granskad,Ej påbörjad,Planerad,
E118,13,"Tid, loggning och WiFi",Min väderloggare,Dataloggning,Huvudspår,Makerlåda,Mästare,90–120 min,Avancerad,★★★★☆,"E01, B01, B02, D04, D03, S05, D01","E115, E117",Medel/Hög,Ej påbörjad,Ej påbörjad,Ej testad,Ej påbörjad,Ej granskad,Ej granskad,Ej påbörjad,Planerad,
E119,13,"Tid, loggning och WiFi",Första WiFi-sidan,WiFi och IoT,Huvudspår,Makerlåda,Ingenjör,60–90 min,Avancerad,★★★★☆,"E01, B01, B02, R01, L01",E021,Medel/Hög,Ej påbörjad,Ej påbörjad,Ej testad,Ej påbörjad,Ej granskad,Ej granskad,Ej påbörjad,Planerad,
E120,14,Familjens stora Makerprojekt,Familjens smarta uppfinning,Eget Makerprojekt,Slutprojekt,Makerlåda,Mästare,120+ min,Projekt,★★★★★,"E01, B01, B02, D01, L02, L03, M01, M03, M04, S01, S02, S05, S07, S08, C01, C02",E001–E119,Hög,Ej påbörjad,Ej påbörjad,Ej testad,Ej påbörjad,Ej granskad,Ej granskad,Ej påbörjad,Planerad,
